Prediction,Timestamp
Neutral,2023-05-04 18:04:18
Neutral,2023-05-04 18:04:18
Neutral,2023-05-04 18:04:18
Neutral,2023-05-04 18:04:18
Neutral,2023-05-04 18:04:18
Neutral,2023-05-04 18:04:18
Neutral,2023-05-04 18:04:18
Neutral,2023-05-04 18:04:19
Neutral,2023-05-04 18:04:19
Neutral,2023-05-04 18:04:19
Neutral,2023-05-04 18:04:19
Neutral,2023-05-04 18:04:19
Sad,2023-05-04 18:04:19
Sad,2023-05-04 18:04:19
Sad,2023-05-04 18:04:19
Sad,2023-05-04 18:04:19
Sad,2023-05-04 18:04:20
Sad,2023-05-04 18:04:20
Sad,2023-05-04 18:04:20
Sad,2023-05-04 18:04:20
Sad,2023-05-04 18:04:20
